id,date,amount,direction,description,counterparty,channel,rawReference,accountId,balanceAfter
txn_001,2026-04-01,120000,debit,SHOP RENT APR 2026,ALHAJI LATEEF RAHEEM,TRANSFER,NIP2604013283958565,acc_wema_aisha_01,130000
txn_002,2026-04-03,97650,credit,TRANSFER,FUNMI STORES AGODI,TRANSFER,NIP2604034046173005,acc_wema_aisha_01,227650
txn_003,2026-04-03,163783,credit,POS SETTLEMENT 03/04 TID 20584668,WEMA POS SETTLEMENT,POS,POS2604037611586996,acc_wema_aisha_01,391433
txn_004,2026-04-03,20000,debit,IBEDC PREPAID TOKEN 83923231204,IBEDC,USSD,USSD2604030030773391,acc_wema_aisha_01,371433
txn_005,2026-04-04,15000,debit,MTN DATA BUNDLE 100GB - 30 DAYS,MTN NIGERIA,USSD,USSD2604044441914373,acc_wema_aisha_01,356433
txn_006,2026-04-05,134107,credit,POS SETTLEMENT 05/04 TID 20581172,WEMA POS SETTLEMENT,POS,POS2604050564232914,acc_wema_aisha_01,490540
txn_007,2026-04-06,145500,debit,TRF/514547647,ADEBAYO PROVISIONS LTD,TRANSFER,NIP2604062077718173,acc_wema_aisha_01,345040
txn_008,2026-04-06,30300,debit,POS PURCHASE - OLUYOLE FILLING STN,OLUYOLE FILLING STATION,CARD,CRD2604066562485666,acc_wema_aisha_01,314740
txn_009,2026-04-08,136088,credit,POS SETTLEMENT 08/04 TID 20580431,WEMA POS SETTLEMENT,POS,POS2604088499176784,acc_wema_aisha_01,450828
txn_010,2026-04-10,208500,debit,TRF/955608356,KOLAWOLE BEVERAGES DIST.,TRANSFER,NIP2604102275186624,acc_wema_aisha_01,242328
txn_011,2026-04-10,21000,debit,PAYMENT,MUSA IBRAHIM,TRANSFER,NIP2604102010621917,acc_wema_aisha_01,221328
txn_012,2026-04-11,120700,credit,ALAT TRF FROM BOLA ADEWALE,BOLA ADEWALE,TRANSFER,NIP2604119108344330,acc_wema_aisha_01,342028
txn_013,2026-04-11,170921,credit,POS SETTLEMENT 11/04 TID 20588547,WEMA POS SETTLEMENT,POS,POS2604113778341751,acc_wema_aisha_01,512949
txn_014,2026-04-13,129050,credit,TRANSFER,GRACE EVENTS & CATERING,TRANSFER,NIP2604135779243683,acc_wema_aisha_01,641999
txn_015,2026-04-13,150393,credit,POS SETTLEMENT 13/04 TID 20589399,WEMA POS SETTLEMENT,POS,POS2604139268973978,acc_wema_aisha_01,792392
txn_016,2026-04-13,41000,debit,ATM WDL WEMA BODIJA 6404,,ATM,ATM2604133652472060,acc_wema_aisha_01,751392
txn_017,2026-04-13,145500,debit,TRF/836332421,ADEBAYO PROVISIONS LTD,TRANSFER,NIP2604130407366421,acc_wema_aisha_01,605892
txn_018,2026-04-13,194500,debit,PAYMENT,OJA OBA TRADERS,TRANSFER,NIP2604138330312634,acc_wema_aisha_01,411392
txn_019,2026-04-17,143000,debit,TRF/693401425,MAMA NKECHI WHOLESALE BODIJA,TRANSFER,NIP2604170741370047,acc_wema_aisha_01,268392
txn_020,2026-04-18,187731,credit,POS SETTLEMENT 18/04 TID 20582840,WEMA POS SETTLEMENT,POS,POS2604180818636008,acc_wema_aisha_01,456123
txn_021,2026-04-20,143000,debit,TRF/933310148,ADEBAYO PROVISIONS LTD,TRANSFER,NIP2604206689350780,acc_wema_aisha_01,313123
txn_022,2026-04-20,25000,debit,IBEDC PREPAID TOKEN 92402680782,IBEDC,USSD,USSD2604209437523483,acc_wema_aisha_01,288123
txn_023,2026-04-21,172682,credit,POS SETTLEMENT 21/04 TID 20589611,WEMA POS SETTLEMENT,POS,POS2604211227512913,acc_wema_aisha_01,460805
txn_024,2026-04-21,134650,credit,NIP/4763394970,GRACE EVENTS & CATERING,TRANSFER,NIP2604217261578723,acc_wema_aisha_01,595455
txn_025,2026-04-21,41000,debit,ATM WDL WEMA BODIJA 4291,,ATM,ATM2604218270483799,acc_wema_aisha_01,554455
txn_026,2026-04-22,29700,debit,POS PURCHASE,,CARD,CRD2604220837262300,acc_wema_aisha_01,524755
txn_027,2026-04-22,19000,debit,TRF/731994297,MUSA IBRAHIM,TRANSFER,NIP2604221470708061,acc_wema_aisha_01,505755
txn_028,2026-04-23,186500,debit,,IYA BASIRAT FOODSTUFF,TRANSFER,NIP2604236278672504,acc_wema_aisha_01,319255
txn_029,2026-04-24,166315,credit,POS SETTLEMENT 24/04 TID 20589078,WEMA POS SETTLEMENT,POS,POS2604249195302659,acc_wema_aisha_01,485570
txn_030,2026-04-24,199500,debit,TRF/137074252,KOLAWOLE BEVERAGES DIST.,TRANSFER,NIP2604244433586056,acc_wema_aisha_01,286070
txn_031,2026-04-24,23500,debit,LG LEVY - IBADAN NORTH,IBADAN NORTH LG,TRANSFER,NIP2604242115856413,acc_wema_aisha_01,262570
txn_032,2026-04-27,178030,credit,POS SETTLEMENT 27/04 TID 20588909,WEMA POS SETTLEMENT,POS,POS2604277106019079,acc_wema_aisha_01,440600
txn_033,2026-04-27,68350,credit,ALAT TRF FROM GRACE EVENTS & CATERING,GRACE EVENTS & CATERING,TRANSFER,NIP2604271415895074,acc_wema_aisha_01,508950
txn_034,2026-04-27,65000,debit,SALARY APR 2026 - BLESSING,BLESSING OKON,TRANSFER,NIP2604279016818895,acc_wema_aisha_01,443950
txn_035,2026-04-27,65000,debit,SALARY APR 2026 - TUNDE,TUNDE BALOGUN,TRANSFER,NIP2604273597621203,acc_wema_aisha_01,378950
txn_036,2026-04-27,134000,debit,TRF/101653613,ADEBAYO PROVISIONS LTD,TRANSFER,NIP2604271368482356,acc_wema_aisha_01,244950
txn_037,2026-04-29,189550,credit,POS SETTLEMENT 29/04 TID 20589526,WEMA POS SETTLEMENT,POS,POS2604299748441328,acc_wema_aisha_01,434500
txn_038,2026-04-30,9634,debit,POS MSC CHARGES,WEMA BANK,BANK,CHG2604305316882108,acc_wema_aisha_01,424866
txn_039,2026-04-30,3625,debit,ACCOUNT MAINTENANCE FEE,WEMA BANK,BANK,CHG2604307380807736,acc_wema_aisha_01,421241
txn_040,2026-04-30,1241,debit,SMS ALERT CHARGES APR 2026,WEMA BANK,BANK,CHG2604300331959754,acc_wema_aisha_01,420000
txn_041,2026-05-01,120000,debit,SHOP RENT MAY 2026,ALHAJI LATEEF RAHEEM,TRANSFER,NIP2605010033401245,acc_wema_aisha_01,300000
txn_042,2026-05-02,173104,credit,POS SETTLEMENT 02/05 TID 20585298,WEMA POS SETTLEMENT,POS,POS2605027120592221,acc_wema_aisha_01,473104
txn_043,2026-05-02,15500,debit,DELIVERY/TRANSPORT - MUSA,MUSA IBRAHIM,TRANSFER,NIP2605028384265182,acc_wema_aisha_01,457604
txn_044,2026-05-04,170651,credit,POS SETTLEMENT 04/05 TID 20589659,WEMA POS SETTLEMENT,POS,POS2605046570228367,acc_wema_aisha_01,628255
txn_045,2026-05-04,86200,credit,ALAT TRF FROM HALIMA BELLO,HALIMA BELLO,TRANSFER,NIP2605042579384674,acc_wema_aisha_01,714455
txn_046,2026-05-04,147500,debit,TRF,ADEBAYO PROVISIONS LTD,TRANSFER,NIP2605042465429343,acc_wema_aisha_01,566955
txn_047,2026-05-04,15000,debit,MTN DATA BUNDLE 100GB - 30 DAYS,MTN NIGERIA,USSD,USSD2605048551382041,acc_wema_aisha_01,551955
txn_048,2026-05-06,28100,debit,POS PURCHASE - OLUYOLE FILLING STN,OLUYOLE FILLING STATION,CARD,CRD2605065295144515,acc_wema_aisha_01,523855
txn_049,2026-05-06,20500,debit,,IBEDC,USSD,USSD2605069315122909,acc_wema_aisha_01,503355
txn_050,2026-05-08,209555,credit,POS SETTLEMENT 08/05 TID 20580525,WEMA POS SETTLEMENT,POS,POS2605089921931037,acc_wema_aisha_01,712910
txn_051,2026-05-08,100550,credit,NIP TRF FROM BOLA ADEWALE,BOLA ADEWALE,TRANSFER,NIP2605081946925515,acc_wema_aisha_01,813460
txn_052,2026-05-08,230500,debit,TRF/315873682,KOLAWOLE BEVERAGES DIST.,TRANSFER,NIP2605089690642092,acc_wema_aisha_01,582960
txn_053,2026-05-10,151443,credit,POS SETTLEMENT 10/05 TID 20589510,WEMA POS SETTLEMENT,POS,POS2605104196575171,acc_wema_aisha_01,734403
txn_054,2026-05-11,150500,debit,TRF/132939445,ADEBAYO PROVISIONS LTD,TRANSFER,NIP2605111947333376,acc_wema_aisha_01,583903
txn_055,2026-05-13,166600,credit,POS SETTLEMENT 13/05 TID 20589639,WEMA POS SETTLEMENT,POS,POS2605133690819250,acc_wema_aisha_01,750503
txn_056,2026-05-13,190500,debit,PAYMENT,SANNI & SONS DETERGENTS,TRANSFER,NIP2605137202981965,acc_wema_aisha_01,560003
txn_057,2026-05-17,149200,credit,NIP TRF FROM EMEKA NWOSU,EMEKA NWOSU,TRANSFER,NIP2605174752785608,acc_wema_aisha_01,709203
txn_058,2026-05-17,36000,debit,ATM WDL WEMA BODIJA 8869,,ATM,ATM2605174987028145,acc_wema_aisha_01,673203
txn_059,2026-05-18,198138,credit,POS SETTLEMENT 18/05 TID 20585811,WEMA POS SETTLEMENT,POS,POS2605188631959128,acc_wema_aisha_01,871341
txn_060,2026-05-18,151000,debit,TRF/846785633,ADEBAYO PROVISIONS LTD,TRANSFER,NIP2605185778948628,acc_wema_aisha_01,720341
txn_061,2026-05-18,171000,debit,TRF/296668684,MAMA NKECHI WHOLESALE BODIJA,TRANSFER,NIP2605182055178521,acc_wema_aisha_01,549341
txn_062,2026-05-19,24500,debit,IBEDC PREPAID TOKEN 92680613415,IBEDC,USSD,USSD2605196869145530,acc_wema_aisha_01,524841
txn_063,2026-05-20,148550,credit,TRF FROM GRACE EVENTS & CATERING,GRACE EVENTS & CATERING,TRANSFER,NIP2605208993649771,acc_wema_aisha_01,673391
txn_064,2026-05-21,151609,credit,POS SETTLEMENT 21/05 TID 20582772,WEMA POS SETTLEMENT,POS,POS2605216387711285,acc_wema_aisha_01,825000
txn_065,2026-05-22,224500,debit,TRF,KOLAWOLE BEVERAGES DIST.,TRANSFER,NIP2605221404770344,acc_wema_aisha_01,600500
txn_066,2026-05-23,168678,credit,POS SETTLEMENT 23/05 TID 20582660,WEMA POS SETTLEMENT,POS,POS2605234535446753,acc_wema_aisha_01,769178
txn_067,2026-05-23,31900,debit,POS PURCHASE,,CARD,CRD2605232154503033,acc_wema_aisha_01,737278
txn_068,2026-05-23,39500,debit,,,TRANSFER,NIP2605237606209458,acc_wema_aisha_01,697778
txn_069,2026-05-25,150500,debit,TRF/513924340,ADEBAYO PROVISIONS LTD,TRANSFER,NIP2605257403185830,acc_wema_aisha_01,547278
txn_070,2026-05-25,24500,debit,,MUSA IBRAHIM,TRANSFER,NIP2605257928367409,acc_wema_aisha_01,522778
txn_071,2026-05-26,196283,credit,POS SETTLEMENT 26/05 TID 20586607,WEMA POS SETTLEMENT,POS,POS2605264715680985,acc_wema_aisha_01,719061
txn_072,2026-05-26,224000,debit,,GBADEBO PLASTICS & NYLON,TRANSFER,NIP2605260819360007,acc_wema_aisha_01,495061
txn_073,2026-05-27,65000,debit,SALARY MAY 2026 - BLESSING,BLESSING OKON,TRANSFER,NIP2605278605980888,acc_wema_aisha_01,430061
txn_074,2026-05-27,31000,debit,ATM WDL WEMA BODIJA 8053,,ATM,ATM2605274632686864,acc_wema_aisha_01,399061
txn_075,2026-05-27,65000,debit,SALARY MAY 2026 - TUNDE,TUNDE BALOGUN,TRANSFER,NIP2605277565828320,acc_wema_aisha_01,334061
txn_076,2026-05-29,206489,credit,POS SETTLEMENT 29/05 TID 20584538,WEMA POS SETTLEMENT,POS,POS2605290659834115,acc_wema_aisha_01,540550
txn_077,2026-05-30,122950,credit,TRF FROM FUNMI STORES AGODI,FUNMI STORES AGODI,TRANSFER,NIP2605302861883236,acc_wema_aisha_01,663500
txn_078,2026-05-31,3106,debit,ACCT MAINT FEE + EMTL,WEMA BANK,BANK,CHG2605313440939780,acc_wema_aisha_01,660394
txn_079,2026-05-31,9082,debit,POS MSC CHARGES,WEMA BANK,BANK,CHG2605310464640856,acc_wema_aisha_01,651312
txn_080,2026-05-31,1312,debit,SMS ALERT CHARGES MAY 2026,WEMA BANK,BANK,CHG2605316728743858,acc_wema_aisha_01,650000
txn_081,2026-06-01,140400,credit,ALAT TRF FROM SEGUN OJO,SEGUN OJO,TRANSFER,NIP2606015671127078,acc_wema_aisha_01,790400
txn_082,2026-06-01,180000,debit,ALAT TRF TO ADEBAYO PROVISIONS - STOCK,ADEBAYO PROVISIONS LTD,TRANSFER,NIP2606016932487751,acc_wema_aisha_01,610400
txn_083,2026-06-02,208091,credit,POS SETTLEMENT 02/06 TID 20583861,WEMA POS SETTLEMENT,POS,POS2606021251856821,acc_wema_aisha_01,818491
txn_084,2026-06-02,14500,debit,TRF/151767493,MUSA IBRAHIM,TRANSFER,NIP2606023713029667,acc_wema_aisha_01,803991
txn_085,2026-06-03,120000,debit,PAYMENT,ALHAJI LATEEF RAHEEM,TRANSFER,NIP2606037139791946,acc_wema_aisha_01,683991
txn_086,2026-06-04,206353,credit,POS SETTLEMENT 04/06 TID 20586315,WEMA POS SETTLEMENT,POS,POS2606046818464194,acc_wema_aisha_01,890344
txn_087,2026-06-04,20500,debit,IBEDC PREPAID TOKEN 12212304980,IBEDC,USSD,USSD2606047222352439,acc_wema_aisha_01,869844
txn_088,2026-06-05,256000,debit,TRF/511092844,KOLAWOLE BEVERAGES DIST.,TRANSFER,NIP2606051758764962,acc_wema_aisha_01,613844
txn_089,2026-06-05,15000,debit,MTN DATA BUNDLE 100GB - 30 DAYS,MTN NIGERIA,USSD,USSD2606056743901814,acc_wema_aisha_01,598844
txn_090,2026-06-07,192405,credit,POS SETTLEMENT 07/06 TID 20581154,WEMA POS SETTLEMENT,POS,POS2606076226256667,acc_wema_aisha_01,791249
txn_091,2026-06-08,143700,credit,PAYMENT,BOLA ADEWALE,TRANSFER,NIP2606084775824496,acc_wema_aisha_01,934949
txn_092,2026-06-08,26900,debit,POS PURCHASE - OLUYOLE FILLING STN,OLUYOLE FILLING STATION,CARD,CRD2606089718831792,acc_wema_aisha_01,908049
txn_093,2026-06-08,164500,debit,TRF/323761666,ADEBAYO PROVISIONS LTD,TRANSFER,NIP2606086355651571,acc_wema_aisha_01,743549
txn_094,2026-06-10,193242,credit,POS SETTLEMENT 10/06 TID 20583575,WEMA POS SETTLEMENT,POS,POS2606106537795704,acc_wema_aisha_01,936791
txn_095,2026-06-13,92700,credit,NIP TRF FROM IBUKUN ADEYEMI,IBUKUN ADEYEMI,TRANSFER,NIP2606133531925374,acc_wema_aisha_01,1029491
txn_096,2026-06-13,27500,debit,TRF,KUNLE GEN REPAIRS,TRANSFER,NIP2606131081393163,acc_wema_aisha_01,1001991
txn_097,2026-06-13,300000,debit,PAYMENT FOR GOODS - IYA BASIRAT FOODSTUFF,IYA BASIRAT FOODSTUFF,TRANSFER,NIP2606136273404905,acc_wema_aisha_01,701991
txn_098,2026-06-15,194061,credit,POS SETTLEMENT 15/06 TID 20589412,WEMA POS SETTLEMENT,POS,POS2606157782711284,acc_wema_aisha_01,896052
txn_099,2026-06-15,172500,debit,TRF/075018754,ADEBAYO PROVISIONS LTD,TRANSFER,NIP2606158203560880,acc_wema_aisha_01,723552
txn_100,2026-06-16,184160,credit,POS SETTLEMENT 16/06 TID 20587102,WEMA POS SETTLEMENT,POS,POS2606167987683756,acc_wema_aisha_01,907712
txn_101,2026-06-16,24500,debit,IBEDC PREPAID TOKEN 52536850625,IBEDC,USSD,USSD2606165871741055,acc_wema_aisha_01,883212
txn_102,2026-06-17,35000,debit,ATM WDL WEMA BODIJA 1562,,ATM,ATM2606176582687443,acc_wema_aisha_01,848212
txn_103,2026-06-18,189500,debit,NIP TRF TO MAMA NKECHI - STOCK,MAMA NKECHI WHOLESALE BODIJA,TRANSFER,NIP2606187919649009,acc_wema_aisha_01,658712
txn_104,2026-06-18,33100,debit,POS PURCHASE,,CARD,CRD2606188979843227,acc_wema_aisha_01,625612
txn_105,2026-06-19,154291,credit,POS SETTLEMENT 19/06 TID 20583199,WEMA POS SETTLEMENT,POS,POS2606192147806627,acc_wema_aisha_01,779903
txn_106,2026-06-19,25500,debit,DELIVERY/TRANSPORT - MUSA,MUSA IBRAHIM,TRANSFER,NIP2606195225441047,acc_wema_aisha_01,754403
txn_107,2026-06-19,256500,debit,TRF/734515910,KOLAWOLE BEVERAGES DIST.,TRANSFER,NIP2606198022264887,acc_wema_aisha_01,497903
txn_108,2026-06-22,211570,credit,POS SETTLEMENT 22/06 TID 20587557,WEMA POS SETTLEMENT,POS,POS2606225336007707,acc_wema_aisha_01,709473
txn_109,2026-06-22,195450,credit,ALAT TRF FROM BOLA ADEWALE,BOLA ADEWALE,TRANSFER,NIP2606225771688672,acc_wema_aisha_01,904923
txn_110,2026-06-22,180500,debit,TRF/350532271,ADEBAYO PROVISIONS LTD,TRANSFER,NIP2606220277075333,acc_wema_aisha_01,724423
txn_111,2026-06-23,43000,debit,ATM WDL WEMA BODIJA 7448,,ATM,ATM2606239055838829,acc_wema_aisha_01,681423
txn_112,2026-06-26,195107,credit,POS SETTLEMENT 26/06 TID 20588046,WEMA POS SETTLEMENT,POS,POS2606269141141101,acc_wema_aisha_01,876530
txn_113,2026-06-26,65000,debit,TRF/067928879,TUNDE BALOGUN,TRANSFER,NIP2606266265881373,acc_wema_aisha_01,811530
txn_114,2026-06-26,65000,debit,SALARY JUN 2026 - BLESSING,BLESSING OKON,TRANSFER,NIP2606261898300716,acc_wema_aisha_01,746530
txn_115,2026-06-27,122250,credit,TRF FROM IBUKUN ADEYEMI,IBUKUN ADEYEMI,TRANSFER,NIP2606274687568762,acc_wema_aisha_01,868780
txn_116,2026-06-28,166220,credit,POS SETTLEMENT 28/06 TID 20585887,WEMA POS SETTLEMENT,POS,POS2606280044788945,acc_wema_aisha_01,1035000
txn_117,2026-06-29,170500,debit,TRF/816834373,ADEBAYO PROVISIONS LTD,TRANSFER,NIP2606290565727924,acc_wema_aisha_01,864500
txn_118,2026-06-30,1140,debit,SMS ALERT CHARGES JUN 2026,WEMA BANK,BANK,CHG2606303252798167,acc_wema_aisha_01,863360
txn_119,2026-06-30,3565,debit,ACCOUNT MAINTENANCE FEE,WEMA BANK,BANK,CHG2606305624820357,acc_wema_aisha_01,859795
txn_120,2026-06-30,9795,debit,POS MSC CHARGES,WEMA BANK,BANK,CHG2606306822689701,acc_wema_aisha_01,850000
txn_121,2026-07-01,69850,credit,NIP/7544138821,SEGUN OJO,TRANSFER,NIP2607011283312395,acc_wema_aisha_01,919850
txn_122,2026-07-01,22500,debit,,MUSA IBRAHIM,TRANSFER,NIP2607014017322914,acc_wema_aisha_01,897350
txn_123,2026-07-01,120000,debit,SHOP RENT JUL 2026,ALHAJI LATEEF RAHEEM,TRANSFER,NIP2607017844829559,acc_wema_aisha_01,777350
txn_124,2026-07-03,191257,credit,POS SETTLEMENT 03/07 TID 20581432,WEMA POS SETTLEMENT,POS,POS2607031155619504,acc_wema_aisha_01,968607
txn_125,2026-07-03,289000,debit,TRF/471021191,KOLAWOLE BEVERAGES DIST.,TRANSFER,NIP2607035957668649,acc_wema_aisha_01,679607
txn_126,2026-07-04,15000,debit,MTN DATA BUNDLE 100GB - 30 DAYS,MTN NIGERIA,USSD,USSD2607043716527547,acc_wema_aisha_01,664607
txn_127,2026-07-05,192246,credit,POS SETTLEMENT 05/07 TID 20580885,WEMA POS SETTLEMENT,POS,POS2607054034925795,acc_wema_aisha_01,856853
txn_128,2026-07-06,178000,debit,TRF/800801856,ADEBAYO PROVISIONS LTD,TRANSFER,NIP2607061392026885,acc_wema_aisha_01,678853
txn_129,2026-07-06,31800,debit,POS PURCHASE - OLUYOLE FILLING STN,OLUYOLE FILLING STATION,CARD,CRD2607065977880183,acc_wema_aisha_01,647053
txn_130,2026-07-07,180842,credit,POS SETTLEMENT 07/07 TID 20580024,WEMA POS SETTLEMENT,POS,POS2607076779198677,acc_wema_aisha_01,827895
txn_131,2026-07-07,40000,debit,ATM WDL WEMA BODIJA 1002,,ATM,ATM2607078532101674,acc_wema_aisha_01,787895
txn_132,2026-07-08,21500,debit,IBEDC PREPAID TOKEN 54368429322,IBEDC,USSD,USSD2607080641976206,acc_wema_aisha_01,766395
txn_133,2026-07-09,88200,credit,ALAT TRF FROM CHIDI OKAFOR,CHIDI OKAFOR,TRANSFER,NIP2607097519739987,acc_wema_aisha_01,854595
txn_134,2026-07-09,16500,debit,,MUSA IBRAHIM,TRANSFER,NIP2607096582661889,acc_wema_aisha_01,838095
txn_135,2026-07-11,201476,credit,POS SETTLEMENT 11/07 TID 20581422,WEMA POS SETTLEMENT,POS,POS2607117905141436,acc_wema_aisha_01,1039571
txn_136,2026-07-13,195500,debit,TRF,ADEBAYO PROVISIONS LTD,TRANSFER,NIP2607139177031137,acc_wema_aisha_01,844071
txn_137,2026-07-13,32400,debit,POS PURCHASE - OLUYOLE FILLING STN,OLUYOLE FILLING STATION,CARD,CRD2607137275752215,acc_wema_aisha_01,811671
txn_138,2026-07-14,220553,credit,POS SETTLEMENT 14/07 TID 20580817,WEMA POS SETTLEMENT,POS,POS2607147307452253,acc_wema_aisha_01,1032224
txn_139,2026-07-15,125150,credit,TRF FROM FUNMI STORES AGODI,FUNMI STORES AGODI,TRANSFER,NIP2607154189064401,acc_wema_aisha_01,1157374
txn_140,2026-07-17,242960,credit,POS SETTLEMENT 17/07 TID 20580873,WEMA POS SETTLEMENT,POS,POS2607172228917286,acc_wema_aisha_01,1400334
txn_141,2026-07-17,201000,debit,,MAMA NKECHI WHOLESALE BODIJA,TRANSFER,NIP2607173461480672,acc_wema_aisha_01,1199334
txn_142,2026-07-17,279000,debit,TRF/129184231,KOLAWOLE BEVERAGES DIST.,TRANSFER,NIP2607174510132861,acc_wema_aisha_01,920334
txn_143,2026-07-17,21000,debit,TRF,MUSA IBRAHIM,TRANSFER,NIP2607172416437304,acc_wema_aisha_01,899334
txn_144,2026-07-19,67800,credit,,CHIDI OKAFOR,TRANSFER,NIP2607196430488291,acc_wema_aisha_01,967134
txn_145,2026-07-19,28500,debit,IBEDC PREPAID TOKEN 14792246142,IBEDC,USSD,USSD2607195434474601,acc_wema_aisha_01,938634
txn_146,2026-07-20,177500,debit,PAYMENT,ADEBAYO PROVISIONS LTD,TRANSFER,NIP2607206616740724,acc_wema_aisha_01,761134
txn_147,2026-07-21,167959,credit,POS SETTLEMENT 21/07 TID 20580529,WEMA POS SETTLEMENT,POS,POS2607217655787776,acc_wema_aisha_01,929093
txn_148,2026-07-21,18000,debit,SHOP CLEANING & FUMIGATION,CLEANWAY SERVICES,TRANSFER,NIP2607210708476720,acc_wema_aisha_01,911093
txn_149,2026-07-22,136600,credit,NIP/8437960587,EMEKA NWOSU,TRANSFER,NIP2607227309962310,acc_wema_aisha_01,1047693
txn_150,2026-07-22,219500,debit,PAYMENT,GBADEBO PLASTICS & NYLON,TRANSFER,NIP2607228266616550,acc_wema_aisha_01,828193
txn_151,2026-07-22,48000,debit,ATM WDL WEMA BODIJA 0924,,ATM,ATM2607229834339143,acc_wema_aisha_01,780193
txn_152,2026-07-23,196092,credit,POS SETTLEMENT 23/07 TID 20583689,WEMA POS SETTLEMENT,POS,POS2607237605312722,acc_wema_aisha_01,976285
txn_153,2026-07-23,30800,debit,POS PURCHASE - OLUYOLE FILLING STN,OLUYOLE FILLING STATION,CARD,CRD2607230639737302,acc_wema_aisha_01,945485
txn_154,2026-07-25,201580,credit,POS SETTLEMENT 25/07 TID 20584851,WEMA POS SETTLEMENT,POS,POS2607250752957726,acc_wema_aisha_01,1147065
txn_155,2026-07-27,191000,debit,TRF/222544606,ADEBAYO PROVISIONS LTD,TRANSFER,NIP2607278442408218,acc_wema_aisha_01,956065
txn_156,2026-07-27,65000,debit,SALARY JUL 2026 - TUNDE,TUNDE BALOGUN,TRANSFER,NIP2607279258348168,acc_wema_aisha_01,891065
txn_157,2026-07-27,65000,debit,SALARY JUL 2026 - BLESSING,BLESSING OKON,TRANSFER,NIP2607271505452436,acc_wema_aisha_01,826065
txn_158,2026-07-30,119350,credit,NIP/3643124505,BOLA ADEWALE,TRANSFER,NIP2607309146250304,acc_wema_aisha_01,945415
txn_159,2026-07-30,218085,credit,POS SETTLEMENT 30/07 TID 20589646,WEMA POS SETTLEMENT,POS,POS2607309189357853,acc_wema_aisha_01,1163500
txn_160,2026-07-31,8627,debit,POS MSC CHARGES,WEMA BANK,BANK,CHG2607312306141947,acc_wema_aisha_01,1154873
txn_161,2026-07-31,1264,debit,SMS ALERT CHARGES JUL 2026,WEMA BANK,BANK,CHG2607311182219784,acc_wema_aisha_01,1153609
txn_162,2026-07-31,4109,debit,ACCT MAINT FEE + EMTL,WEMA BANK,BANK,CHG2607314148815535,acc_wema_aisha_01,1149500
txn_163,2026-07-31,289500,debit,TRF/158262012,KOLAWOLE BEVERAGES DIST.,TRANSFER,NIP2607313013742399,acc_wema_aisha_01,860000
txn_164,2026-08-01,117250,credit,NIP/2311999420,SEGUN OJO,TRANSFER,NIP2608010458243767,acc_wema_aisha_01,977250
txn_165,2026-08-02,218711,credit,POS SETTLEMENT 02/08 TID 20581903,WEMA POS SETTLEMENT,POS,POS2608022777338213,acc_wema_aisha_01,1195961
txn_166,2026-08-03,204500,debit,,ADEBAYO PROVISIONS LTD,TRANSFER,NIP2608033583719285,acc_wema_aisha_01,991461
txn_167,2026-08-03,120000,debit,SHOP RENT AUG 2026,ALHAJI LATEEF RAHEEM,TRANSFER,NIP2608037567119963,acc_wema_aisha_01,871461
txn_168,2026-08-04,19500,debit,DELIVERY/TRANSPORT - MUSA,MUSA IBRAHIM,TRANSFER,NIP2608043367982989,acc_wema_aisha_01,851961
txn_169,2026-08-06,199244,credit,POS SETTLEMENT 06/08 TID 20582615,WEMA POS SETTLEMENT,POS,POS2608067762551107,acc_wema_aisha_01,1051205
txn_170,2026-08-06,15000,debit,MTN DATA BUNDLE 100GB - 30 DAYS,MTN NIGERIA,USSD,USSD2608067700697723,acc_wema_aisha_01,1036205
txn_171,2026-08-06,23500,debit,IBEDC PREPAID TOKEN 45903593659,IBEDC,USSD,USSD2608063368925840,acc_wema_aisha_01,1012705
txn_172,2026-08-06,29700,debit,POS PURCHASE,,CARD,CRD2608065344913880,acc_wema_aisha_01,983005
txn_173,2026-08-09,173464,credit,POS SETTLEMENT 09/08 TID 20588514,WEMA POS SETTLEMENT,POS,POS2608091829182456,acc_wema_aisha_01,1156469
txn_174,2026-08-10,124100,credit,,GRACE EVENTS & CATERING,TRANSFER,NIP2608103488783857,acc_wema_aisha_01,1280569
txn_175,2026-08-10,43000,debit,ATM WDL WEMA BODIJA 7230,,ATM,ATM2608102451807990,acc_wema_aisha_01,1237569
txn_176,2026-08-10,196500,debit,FT,ADEBAYO PROVISIONS LTD,TRANSFER,NIP2608107305831879,acc_wema_aisha_01,1041069
txn_177,2026-08-10,46000,debit,ATM WDL WEMA BODIJA 1159,,ATM,ATM2608107295909399,acc_wema_aisha_01,995069
txn_178,2026-08-11,239414,credit,POS SETTLEMENT 11/08 TID 20589695,WEMA POS SETTLEMENT,POS,POS2608113006156064,acc_wema_aisha_01,1234483
txn_179,2026-08-13,31200,debit,POS PURCHASE - OLUYOLE FILLING STN,OLUYOLE FILLING STATION,CARD,CRD2608132010696240,acc_wema_aisha_01,1203283
txn_180,2026-08-14,212771,credit,POS SETTLEMENT 14/08 TID 20587736,WEMA POS SETTLEMENT,POS,POS2608140857283163,acc_wema_aisha_01,1416054
txn_181,2026-08-14,303500,debit,FT,KOLAWOLE BEVERAGES DIST.,TRANSFER,NIP2608142741330478,acc_wema_aisha_01,1112554
txn_182,2026-08-16,81550,credit,NIP/8568705663,CHIDI OKAFOR,TRANSFER,NIP2608167738405228,acc_wema_aisha_01,1194104
txn_183,2026-08-16,26500,debit,,IBEDC,USSD,USSD2608162973859049,acc_wema_aisha_01,1167604
txn_184,2026-08-17,186500,debit,PAYMENT FOR GOODS - GBADEBO PLASTICS & NYLON,GBADEBO PLASTICS & NYLON,TRANSFER,NIP2608170485818954,acc_wema_aisha_01,981104
txn_185,2026-08-17,212000,debit,TRF/276557167,ADEBAYO PROVISIONS LTD,TRANSFER,NIP2608174132924278,acc_wema_aisha_01,769104
txn_186,2026-08-18,212243,credit,POS SETTLEMENT 18/08 TID 20584047,WEMA POS SETTLEMENT,POS,POS2608180250569672,acc_wema_aisha_01,981347
txn_187,2026-08-19,227000,debit,TRF/771857780,MAMA NKECHI WHOLESALE BODIJA,TRANSFER,NIP2608195050219499,acc_wema_aisha_01,754347
txn_188,2026-08-20,170250,credit,NIP TRF FROM EMEKA NWOSU,EMEKA NWOSU,TRANSFER,NIP2608204113723819,acc_wema_aisha_01,924597
txn_189,2026-08-21,216341,credit,POS SETTLEMENT 21/08 TID 20585571,WEMA POS SETTLEMENT,POS,POS2608211265559962,acc_wema_aisha_01,1140938
txn_190,2026-08-22,174863,credit,POS SETTLEMENT 22/08 TID 20580787,WEMA POS SETTLEMENT,POS,POS2608225083917596,acc_wema_aisha_01,1315801
txn_191,2026-08-23,172500,debit,PAYMENT FOR GOODS - SANNI & SONS DETERGENTS,SANNI & SONS DETERGENTS,TRANSFER,NIP2608235814700145,acc_wema_aisha_01,1143301
txn_192,2026-08-24,200500,debit,NIP TRF TO ADEBAYO PROVISIONS - STOCK,ADEBAYO PROVISIONS LTD,TRANSFER,NIP2608246357605293,acc_wema_aisha_01,942801
txn_193,2026-08-25,16500,debit,NIGHT GUARD - MONTHLY,MALLAM SANI,TRANSFER,NIP2608251915967482,acc_wema_aisha_01,926301
txn_194,2026-08-26,176701,credit,POS SETTLEMENT 26/08 TID 20587386,WEMA POS SETTLEMENT,POS,POS2608267584405074,acc_wema_aisha_01,1103002
txn_195,2026-08-27,140850,credit,TRF FROM ST. ANNE'S SCHOOL CANTEEN,ST. ANNE'S SCHOOL CANTEEN,TRANSFER,NIP2608274061579532,acc_wema_aisha_01,1243852
txn_196,2026-08-27,65000,debit,TRF/298007627,TUNDE BALOGUN,TRANSFER,NIP2608278544864637,acc_wema_aisha_01,1178852
txn_197,2026-08-27,34100,debit,POS PURCHASE - OLUYOLE FILLING STN,OLUYOLE FILLING STATION,CARD,CRD2608275490435913,acc_wema_aisha_01,1144752
txn_198,2026-08-27,65000,debit,SALARY AUG 2026 - BLESSING,BLESSING OKON,TRANSFER,NIP2608279468404207,acc_wema_aisha_01,1079752
txn_199,2026-08-27,17500,debit,DELIVERY/TRANSPORT - MUSA,MUSA IBRAHIM,TRANSFER,NIP2608274765757548,acc_wema_aisha_01,1062252
txn_200,2026-08-28,222248,credit,POS SETTLEMENT 28/08 TID 20588301,WEMA POS SETTLEMENT,POS,POS2608287892442990,acc_wema_aisha_01,1284500
txn_201,2026-08-28,300000,debit,TRF/763847308,KOLAWOLE BEVERAGES DIST.,TRANSFER,NIP2608289497523874,acc_wema_aisha_01,984500
txn_202,2026-08-31,207000,debit,ALAT TRF TO ADEBAYO PROVISIONS - STOCK,ADEBAYO PROVISIONS LTD,TRANSFER,NIP2608312047095657,acc_wema_aisha_01,777500
txn_203,2026-08-31,9154,debit,POS MSC CHARGES,WEMA BANK,BANK,CHG2608314600733208,acc_wema_aisha_01,768346
txn_204,2026-08-31,4123,debit,ACCOUNT MAINTENANCE FEE,WEMA BANK,BANK,CHG2608311585780559,acc_wema_aisha_01,764223
txn_205,2026-08-31,23000,debit,TRF,MUSA IBRAHIM,TRANSFER,NIP2608311382829847,acc_wema_aisha_01,741223
txn_206,2026-08-31,1223,debit,SMS ALERT CHARGES AUG 2026,WEMA BANK,BANK,CHG2608311713432573,acc_wema_aisha_01,740000
txn_207,2026-09-01,120000,debit,SHOP RENT SEP 2026,ALHAJI LATEEF RAHEEM,TRANSFER,NIP2609018678503220,acc_wema_aisha_01,620000
txn_208,2026-09-01,37000,debit,ATM WDL WEMA BODIJA 0903,,ATM,ATM2609010730954023,acc_wema_aisha_01,583000
txn_209,2026-09-02,246245,credit,POS SETTLEMENT 02/09 TID 20589708,WEMA POS SETTLEMENT,POS,POS2609025937901569,acc_wema_aisha_01,829245
txn_210,2026-09-04,155400,credit,NIP/4738272047,IBUKUN ADEYEMI,TRANSFER,NIP2609042578119639,acc_wema_aisha_01,984645
txn_211,2026-09-04,15000,debit,MTN DATA BUNDLE 100GB - 30 DAYS,MTN NIGERIA,USSD,USSD2609042753627430,acc_wema_aisha_01,969645
txn_212,2026-09-05,23000,debit,IBEDC PREPAID TOKEN 48955694031,IBEDC,USSD,USSD2609056901978032,acc_wema_aisha_01,946645
txn_213,2026-09-06,224121,credit,POS SETTLEMENT 06/09 TID 20580442,WEMA POS SETTLEMENT,POS,POS2609060080485476,acc_wema_aisha_01,1170766
txn_214,2026-09-06,17500,debit,PAYMENT,MUSA IBRAHIM,TRANSFER,NIP2609060879858101,acc_wema_aisha_01,1153266
txn_215,2026-09-06,28700,debit,POS PURCHASE,,CARD,CRD2609069692605450,acc_wema_aisha_01,1124566
txn_216,2026-09-07,207500,debit,TRF/772101384,ADEBAYO PROVISIONS LTD,TRANSFER,NIP2609072107571651,acc_wema_aisha_01,917066
txn_217,2026-09-08,112250,credit,TRF FROM HALIMA BELLO,HALIMA BELLO,TRANSFER,NIP2609085639407253,acc_wema_aisha_01,1029316
txn_218,2026-09-08,225892,credit,POS SETTLEMENT 08/09 TID 20589217,WEMA POS SETTLEMENT,POS,POS2609089820152458,acc_wema_aisha_01,1255208
txn_219,2026-09-11,328500,debit,,KOLAWOLE BEVERAGES DIST.,TRANSFER,NIP2609111760072849,acc_wema_aisha_01,926708
txn_220,2026-09-12,231234,credit,POS SETTLEMENT 12/09 TID 20588432,WEMA POS SETTLEMENT,POS,POS2609122268140665,acc_wema_aisha_01,1157942
txn_221,2026-09-12,24500,debit,TRANSFER,MUSA IBRAHIM,TRANSFER,NIP2609122204280325,acc_wema_aisha_01,1133442
txn_222,2026-09-12,24000,debit,SIGNBOARD REPAIR,ADE SIGNS & PRINTS,TRANSFER,NIP2609120574912083,acc_wema_aisha_01,1109442
txn_223,2026-09-13,151350,credit,,GRACE EVENTS & CATERING,TRANSFER,NIP2609135161402427,acc_wema_aisha_01,1260792
txn_224,2026-09-13,287500,debit,PAYMENT FOR GOODS - SANNI & SONS DETERGENTS,SANNI & SONS DETERGENTS,TRANSFER,NIP2609132323485765,acc_wema_aisha_01,973292
txn_225,2026-09-14,211500,debit,TRF/629327163,ADEBAYO PROVISIONS LTD,TRANSFER,NIP2609147446893350,acc_wema_aisha_01,761792
txn_226,2026-09-16,245789,credit,POS SETTLEMENT 16/09 TID 20588539,WEMA POS SETTLEMENT,POS,POS2609169696867498,acc_wema_aisha_01,1007581
txn_227,2026-09-18,170461,credit,POS SETTLEMENT 18/09 TID 20583881,WEMA POS SETTLEMENT,POS,POS2609186247283050,acc_wema_aisha_01,1178042
txn_228,2026-09-18,240000,debit,ALAT TRF TO MAMA NKECHI - STOCK,MAMA NKECHI WHOLESALE BODIJA,TRANSFER,NIP2609185762759424,acc_wema_aisha_01,938042
txn_229,2026-09-18,33200,debit,POS PURCHASE - OLUYOLE FILLING STN,OLUYOLE FILLING STATION,CARD,CRD2609186828068252,acc_wema_aisha_01,904842
txn_230,2026-09-18,27000,debit,IBEDC PREPAID TOKEN 90338669408,IBEDC,USSD,USSD2609181926021278,acc_wema_aisha_01,877842
txn_231,2026-09-19,300000,debit,,SANNI & SONS DETERGENTS,TRANSFER,NIP2609196075394679,acc_wema_aisha_01,577842
txn_232,2026-09-21,188350,credit,NIP/5099670614,GRACE EVENTS & CATERING,TRANSFER,NIP2609218358562495,acc_wema_aisha_01,766192
txn_233,2026-09-21,215000,debit,TRF/424145031,ADEBAYO PROVISIONS LTD,TRANSFER,NIP2609212562040717,acc_wema_aisha_01,551192
txn_234,2026-09-23,245414,credit,POS SETTLEMENT 23/09 TID 20586084,WEMA POS SETTLEMENT,POS,POS2609232124863543,acc_wema_aisha_01,796606
txn_235,2026-09-23,18000,debit,DELIVERY/TRANSPORT - MUSA,MUSA IBRAHIM,TRANSFER,NIP2609234173184012,acc_wema_aisha_01,778606
txn_236,2026-09-25,212275,credit,POS SETTLEMENT 25/09 TID 20585872,WEMA POS SETTLEMENT,POS,POS2609258763574650,acc_wema_aisha_01,990881
txn_237,2026-09-25,65000,debit,SALARY SEP 2026 - TUNDE,TUNDE BALOGUN,TRANSFER,NIP2609254282294826,acc_wema_aisha_01,925881
txn_238,2026-09-25,319000,debit,TRF/813868435,KOLAWOLE BEVERAGES DIST.,TRANSFER,NIP2609250692007439,acc_wema_aisha_01,606881
txn_239,2026-09-25,65000,debit,TRF/944782710,BLESSING OKON,TRANSFER,NIP2609254751012596,acc_wema_aisha_01,541881
txn_240,2026-09-27,125050,credit,NIP/4371066515,CHIDI OKAFOR,TRANSFER,NIP2609274717058349,acc_wema_aisha_01,666931
txn_241,2026-09-28,226169,credit,POS SETTLEMENT 28/09 TID 20584007,WEMA POS SETTLEMENT,POS,POS2609283337054470,acc_wema_aisha_01,893100
txn_242,2026-09-28,33100,debit,POS PURCHASE - OLUYOLE FILLING STN,OLUYOLE FILLING STATION,CARD,CRD2609283471419470,acc_wema_aisha_01,860000
txn_243,2026-09-28,221000,debit,,ADEBAYO PROVISIONS LTD,TRANSFER,NIP2609280512208006,acc_wema_aisha_01,639000
txn_244,2026-09-30,3684,debit,ACCT MAINT FEE + EMTL,WEMA BANK,BANK,CHG2609307208303872,acc_wema_aisha_01,635316
txn_245,2026-09-30,1118,debit,SMS ALERT CHARGES SEP 2026,WEMA BANK,BANK,CHG2609301844738870,acc_wema_aisha_01,634198
txn_246,2026-09-30,10198,debit,POS MSC CHARGES,WEMA BANK,BANK,CHG2609307148243502,acc_wema_aisha_01,624000
txn_247,2026-09-30,44000,debit,ATM WDL WEMA BODIJA 2684,,ATM,ATM2609305069378203,acc_wema_aisha_01,580000
